{"cam": [[[-0.7702003551502149, -0.5084569359840451, 0.3850492918785845, -0.03428718093682481], [-0.08314262730369974, -0.5185208747944801, -0.8510131643678641, -0.02249149352073143], [0.6323596417004494, -0.6874646512018517, 0.3570905163910061, -9.151363022075198e-05], [0.0, 0.0, 0.0, 1.0]], [[-0.8574476293098225, -0.3942706859489113, 0.33065720798485587, -0.03428718093682487], [0.1247522104234009, -0.7826965352783986, -0.60977292466759, -0.02249149352073132], [0.49921984033634, -0.48159813108500105, 0.7203074282207519, -9.151363022064096e-05], [0.0, 0.0, 0.0, 1.0]], [[-0.995675583674724, 0.08641855807336017, 0.03408760617173241, -0.034287180936824826], [-0.09270617352789517, -0.9007074442275266, -0.4244192093943594, -0.02249149352073121], [-0.005974735459720503, -0.4257439755694009, 0.9048239440921907, -9.151363022064096e-05], [0.0, 0.0, 0.0, 1.0]], [[-0.9003626997386666, 0.3544696246702165, -0.25238520975971557, -0.034503940241394304], [-0.09254227853387872, -0.7227237513630147, -0.684913356490826, -0.022600141107951943], [-0.4251857659930042, -0.5933141363577369, 0.6835169346804914, 0.0002449834187043809], [0.0, 0.0, 0.0, 1.0]]], "1": [[[1.0, 0.0, 0.0, 0.0], [0.0, 1.0, 0.0, 0.0], [0.0, 0.0, 1.0, 0.0], [0.0, 0.0, 0.0, 1.0]], [[1.0, 0.0, 0.0, 0.0], [0.0, 1.0, 0.0, 0.0], [0.0, 0.0, 1.0, 0.0], [0.0, 0.0, 0.0, 1.0]], [[1.0, 0.0, 0.0, 0.0], [0.0, 1.0, 0.0, 0.0], [0.0, 0.0, 1.0, 0.0], [0.0, 0.0, 0.0, 1.0]], [[1.0, 0.0, 0.0, 0.0], [0.0, 1.0, 0.0, 0.0], [0.0, 0.0, 1.0, 0.0], [0.0, 0.0, 0.0, 1.0]]], "2": [[[1.0, 0.0, 0.0, 0.0], [0.0, 1.0, 0.0, 0.0], [0.0, 0.0, 1.0, 0.0], [0.0, 0.0, 0.0, 1.0]], [[0.896145388572793, 0.05572364169850432, -0.4402480190705857, -0.00993914898003545], [-0.06182700702064436, 0.9980867654700398, 0.0004793708616997722, 0.005630893675162507], [0.43943243364889134, 0.02678963137877345, 0.8978760782580201, -0.04436290869669559], [0.0, 0.0, 0.0, 1.0]], [[0.606172073044482, 0.09375943169953264, -0.7897876846522339, 0.0009983850706943992], [-0.11690405358235939, 0.9927448075886158, 0.028128086708050542, 0.011844255678109608], [0.7866948964604822, 0.07527892117467837, 0.6127350356473902, -0.08841203803620844], [0.0, 0.0, 0.0, 1.0]], [[0.1903631185658294, 0.10620004238393761, -0.9759525777862068, 0.030538778864113783], [-0.15378107511578196, 0.985084675422671, 0.07719820712714304, 0.017348379198693878], [0.969594381185311, 0.1353873452175679, 0.20385534756001103, -0.12298993665453886], [0.0, 0.0, 0.0, 1.0]]], "3": [[[1.0, 0.0, 0.0, 0.0], [0.0, 1.0, 0.0, 0.0], [0.0, 0.0, 1.0, 0.0], [0.0, 0.0, 0.0, 1.0]], [[0.8923230407615835, 0.05737016510115987, 0.4477368145264213, 0.0020642831683113623], [-0.06004429855433597, 0.9981617681873767, -0.008232055646513171, -5.544898859492775e-05], [-0.4473860448618386, -0.019538390038976595, 0.8941274954823644, -0.0006215003733870258], [0.0, 0.0, 0.0, 1.0]], [[0.592484455162539, 0.0997093690936104, 0.79938739801532, 0.0036248408870142427], [-0.10982992746419208, 0.993043005263549, -0.042461473483020526, -0.00022962825829572764], [-0.7980598708267193, -0.06263889695782583, 0.5993136167015958, -0.002099649043864173], [0.0, 0.0, 0.0, 1.0]], [[0.16506578519761508, 0.1178982683972056, 0.9792105416436423, 0.004345548225275318], [-0.13863367484623723, 0.9857462297788425, -0.09531565808105948, -0.00048502173758578626], [-0.9764906506238156, -0.12001820189345504, 0.179057645629946, -0.00411607097558947], [0.0, 0.0, 0.0, 1.0]]], "4": [[[1.0, 0.0, 0.0, 0.0], [0.0, 1.0, 0.0, 0.0], [0.0, 0.0, 1.0, 0.0], [0.0, 0.0, 0.0, 1.0]], [[0.9384729315269776, 0.02361809528303373, 0.34454425313210807, 0.02793589368235458], [0.027021182446478383, 0.9895786981765735, -0.14143498794270112, -0.011160002532127976], [-0.3442940785002768, 0.14204290087983779, 0.928054632992738, -0.06810599525342503], [0.0, 0.0, 0.0, 1.0]], [[0.7627450859358352, 0.09447697229730871, 0.6397609206463528, 0.030423866449686976], [0.10079346369387969, 0.9598143527732371, -0.26191045394768503, -0.011816271812028295], [-0.6387962206817804, 0.2642546308317518, 0.7225710197113144, -0.1425154415888853], [0.0, 0.0, 0.0, 1.0]], [[0.4981025996770115, 0.20238048240809686, 0.8431701729397623, 0.0071059146021957564], [0.21070147448409482, 0.9149898666884753, -0.34409073295808845, -0.001874374800338469], [-0.8411294126620653, 0.34904968729060937, 0.41311696522546326, -0.21252128568247158], [0.0, 0.0, 0.0, 1.0]]], "5": [[[1.0, 0.0, 0.0, 0.0], [0.0, 1.0, 0.0, 0.0], [0.0, 0.0, 1.0, 0.0], [0.0, 0.0, 0.0, 1.0]], [[0.8448271179308657, 0.0, -0.5350393824837828, -0.002865910125301907], [0.0, 1.0000000000000002, 0.0, 3.469446951953614e-18], [0.5350393824837828, 0.0, 0.8448271179308656, 0.0672899138206574], [0.0, 0.0, 0.0, 1.0]], [[0.42746571838274466, 0.0, -0.9040315589665681, -0.041289862654701165], [0.0, 0.9999999999999997, 0.0, -6.938893903907228e-18], [0.9040315589665681, 0.0, 0.42746571838274466, 0.1226048829958841], [0.0, 0.0, 0.0, 1.0]], [[-0.1225578561797831, 0.0, -0.9924613704767634, -0.10334714667924869], [0.0, 0.9999999999999999, 0.0, 0.0], [0.9924613704767634, 0.0, -0.12255785617978317, 0.1487781411487096], [0.0, 0.0, 0.0, 1.0]]]}